"Revenue";"Profit";"Sales";"SD";"MaxSale";"MaxDay";"MinSale";"MinDay"
17550;4050;117;5.70713838726805;24;5;9;1
18450;4950;123;5.88379534136323;25;4;11;1
17250;2750;115;5.74041644415986;24;5;10;1
17850;2470;119;4.86483983977547;23;7;11;2
19800;4920;132;6.14894493466349;27;7;13;2
18600;3800;124;5.76524893114731;24;7;11;1
19650;5710;131;5.85133277451345;25;4;11;1
19950;5690;133;4.58257569495584;24;4;14;2
18150;3530;121;4.60848079502294;22;4;10;5
19050;3950;127;5.52052447473883;26;7;12;5
